Nombre,Px,Py,Pz,Ox,Oy,Oz,Ow,Descripci¢n
e3ipanel_even,-0.5835037231445312,1.0655479431152344,-1.0,0.0,0.0,-0.05603658229324531,0.9984287162561443,
e3ipanel_odd,-0.5948448181152344,0.9789695739746094,-1.0,0.0,0.0,-0.03908011647684206,0.9992360804615477,
e3opanel,-0.6578750610351562,1.8532943725585938,-1.0,0.0,0.0,0.0477618555183005,0.9988587513544891,
felipe,-1.2067413330078125,0.6304283142089844,-2.0,0.0,0.0,-0.7111562140010456,0.7030340242745716,
charge_base,-0.6002006530761719,-0.024799346923828125,3.0,0.0,0.0,-0.02719368230887872,0.9996301834390975,
delivery_room,-4.873773574829102,0.5439491271972656,3.0,0.0,0.0,-0.6994041577295541,0.7147263981067251,
